{"dea": {}, "dfa": {}, "vertex": {"0": {"z": 0.0, "y": -3.267949104309082, "x": -9.6602544784545898}, "1": {"z": 0.0, "y": -4.5, "x": -7.7942285537719727}, "2": {"z": 0.0, "y": -6.732050895690918, "x": -7.6602540016174316}, "3": {"z": 0.0, "y": 2.0, "x": -3.4641015529632568}, "4": {"z": 0.0, "y": 10.0, "x": -2.0}, "5": {"z": 0.0, "y": -4.0, "x": -4.4408920985006262e-16}, "6": {"z": 0.0, "y": 0.0, "x": 0.0}, "7": {"z": 0.0, "y": 9.0, "x": 0.0}, "8": {"z": 0.0, "y": 10.0, "x": 2.0}, "9": {"z": 0.0, "y": 2.0, "x": 3.4641015529632568}, "10": {"z": 0.0, "y": -6.732050895690918, "x": 7.6602540016174316}, "11": {"z": 0.0, "y": -4.5, "x": 7.7942285537719727}, "12": {"z": 0.0, "y": -3.267949104309082, "x": 9.6602544784545898}}, "max_face": 5, "face": {"0": [6, 9, 8, 7], "1": [6, 11, 12, 9], "2": [3, 6, 7, 4], "3": [0, 1, 6, 3], "4": [1, 2, 5, 6], "5": [5, 10, 11, 6]}, "facedata": {"0": {}, "1": {}, "2": {}, "3": {}, "4": {}, "5": {}}, "attributes": {"name": "Mesh"}, "edgedata": {}, "max_vertex": 12, "dva": {"z": 0.0, "y": 0.0, "x": 0.0}}