{"attributes": {"name": "Network"}, "dna": {"x": 0.0, "y": 0.0, "z": 0.0, "px": 0.0, "py": 0.0, "pz": 0.0, "rx": 0.0, "ry": 0.0, "rz": 0.0, "is_support": false}, "dea": {"q": 0.0, "length": 0.0, "force": 0.0}, "node": {"0": {"x": 0.0, "y": 0.0, "z": 0.0, "px": 0.0, "py": 0.0, "pz": -1.0}, "1": {"x": 0.0, "y": 3.0, "z": 0.0, "px": 0.0, "py": 0.0, "pz": -1.0}, "2": {"x": 0.0, "y": 6.0, "z": 0.0, "px": 0.0, "py": 0.0, "pz": -1.0}, "3": {"x": 0.0, "y": 9.0, "z": 0.0, "is_support": true, "px": 0.0, "py": 0.0, "pz": -1.0}, "4": {"x": 1.154700517654419, "y": 0.6666666666666669, "z": 0.0, "px": 0.0, "py": 0.0, "pz": -1.0}, "5": {"x": 0.992022567325168, "y": 3.5555555555555554, "z": 0.0, "px": 0.0, "py": 0.0, "pz": -1.0}, "6": {"x": 0.8293446169959177, "y": 6.444444444444445, "z": 0.0, "px": 0.0, "py": 0.0, "pz": -1.0}, "7": {"x": 0.6666666666666669, "y": 9.333333333333334, "z": 0.0, "is_support": true, "px": 0.0, "py": 0.0, "pz": -1.0}, "8": {"x": 2.309401035308838, "y": 1.3333333333333337, "z": 0.0, "px": 0.0, "py": 0.0, "pz": -1.0}, "9": {"x": 1.984045134650336, "y": 4.111111111111111, "z": 0.0, "px": 0.0, "py": 0.0, "pz": -1.0}, "10": {"x": 1.6586892339918353, "y": 6.8888888888888875, "z": 0.0, "px": 0.0, "py": 0.0, "pz": -1.0}, "11": {"x": 1.3333333333333337, "y": 9.666666666666666, "z": 0.0, "is_support": true, "px": 0.0, "py": 0.0, "pz": -1.0}, "12": {"x": 3.464101552963257, "y": 2.0, "z": 0.0, "px": 0.0, "py": 0.0, "pz": -1.0}, "13": {"x": 2.976067701975505, "y": 4.666666666666666, "z": 0.0, "px": 0.0, "py": 0.0, "pz": -1.0}, "14": {"x": 2.4880338509877524, "y": 7.333333333333333, "z": 0.0, "px": 0.0, "py": 0.0, "pz": -1.0}, "15": {"x": 2.0, "y": 10.0, "z": 0.0, "is_support": true, "px": 0.0, "py": 0.0, "pz": -1.0}, "16": {"x": 2.598076184590658, "y": -1.5, "z": 0.0, "px": 0.0, "py": 0.0, "pz": -1.0}, "17": {"x": 3.575212743547228, "y": -0.9186610115898979, "z": 0.0, "px": 0.0, "py": 0.0, "pz": -1.0}, "18": {"x": 4.5523493025037975, "y": -0.3373220231797961, "z": 0.0, "px": 0.0, "py": 0.0, "pz": -1.0}, "19": {"x": 5.529485861460368, "y": 0.2440169652303057, "z": 0.0, "px": 0.0, "py": 0.0, "pz": -1.0}, "20": {"x": 5.1961523691813145, "y": -3.0, "z": 0.0, "px": 0.0, "py": 0.0, "pz": -1.0}, "21": {"x": 5.995724969440038, "y": -2.5039886898464623, "z": 0.0, "px": 0.0, "py": 0.0, "pz": -1.0}, "22": {"x": 6.795297569698756, "y": -2.007977379692926, "z": 0.0, "px": 0.0, "py": 0.0, "pz": -1.0}, "23": {"x": 7.59487016995748, "y": -1.5119660695393884, "z": 0.0, "px": 0.0, "py": 0.0, "pz": -1.0}, "24": {"x": 7.794228553771973, "y": -4.5, "z": 0.0, "is_support": true, "px": 0.0, "py": 0.0, "pz": -1.0}, "25": {"x": 8.416237195332846, "y": -4.089316368103027, "z": 0.0, "is_support": true, "px": 0.0, "py": 0.0, "pz": -1.0}, "26": {"x": 9.038245836893717, "y": -3.6786327362060547, "z": 0.0, "is_support": true, "px": 0.0, "py": 0.0, "pz": -1.0}, "27": {"x": 9.66025447845459, "y": -3.267949104309082, "z": 0.0, "is_support": true, "px": 0.0, "py": 0.0, "pz": -1.0}, "28": {"x": -3.464101552963257, "y": 2.0, "z": 0.0, "px": 0.0, "py": 0.0, "pz": -1.0}, "29": {"x": -2.976067701975505, "y": 4.666666666666666, "z": 0.0, "px": 0.0, "py": 0.0, "pz": -1.0}, "30": {"x": -2.4880338509877524, "y": 7.333333333333335, "z": 0.0, "px": 0.0, "py": 0.0, "pz": -1.0}, "31": {"x": -2.0, "y": 10.0, "z": 0.0, "is_support": true, "px": 0.0, "py": 0.0, "pz": -1.0}, "32": {"x": -2.3094010353088374, "y": 1.3333333333333335, "z": 0.0, "px": 0.0, "py": 0.0, "pz": -1.0}, "33": {"x": -1.9840451346503363, "y": 4.11111111111111, "z": 0.0, "px": 0.0, "py": 0.0, "pz": -1.0}, "34": {"x": -1.658689233991835, "y": 6.888888888888889, "z": 0.0, "px": 0.0, "py": 0.0, "pz": -1.0}, "35": {"x": -1.3333333333333335, "y": 9.666666666666668, "z": 0.0, "is_support": true, "px": 0.0, "py": 0.0, "pz": -1.0}, "36": {"x": -1.1547005176544187, "y": 0.6666666666666667, "z": 0.0, "px": 0.0, "py": 0.0, "pz": -1.0}, "37": {"x": -0.9920225673251681, "y": 3.555555555555556, "z": 0.0, "px": 0.0, "py": 0.0, "pz": -1.0}, "38": {"x": -0.8293446169959175, "y": 6.444444444444445, "z": 0.0, "px": 0.0, "py": 0.0, "pz": -1.0}, "39": {"x": -0.6666666666666667, "y": 9.333333333333334, "z": 0.0, "is_support": true, "px": 0.0, "py": 0.0, "pz": -1.0}, "40": {"x": -9.66025447845459, "y": -3.267949104309082, "z": 0.0, "is_support": true, "px": 0.0, "py": 0.0, "pz": -1.0}, "41": {"x": -7.594870169957479, "y": -1.5119660695393877, "z": 0.0, "px": 0.0, "py": 0.0, "pz": -1.0}, "42": {"x": -5.529485861460366, "y": 0.24401696523030614, "z": 0.0, "px": 0.0, "py": 0.0, "pz": -1.0}, "43": {"x": -9.038245836893719, "y": -3.6786327362060542, "z": 0.0, "is_support": true, "px": 0.0, "py": 0.0, "pz": -1.0}, "44": {"x": -6.795297569698757, "y": -2.0079773796929254, "z": 0.0, "px": 0.0, "py": 0.0, "pz": -1.0}, "45": {"x": -4.552349302503797, "y": -0.337322023179796, "z": 0.0, "px": 0.0, "py": 0.0, "pz": -1.0}, "46": {"x": -8.416237195332844, "y": -4.089316368103027, "z": 0.0, "is_support": true, "px": 0.0, "py": 0.0, "pz": -1.0}, "47": {"x": -5.995724969440037, "y": -2.5039886898464627, "z": 0.0, "px": 0.0, "py": 0.0, "pz": -1.0}, "48": {"x": -3.575212743547228, "y": -0.9186610115898981, "z": 0.0, "px": 0.0, "py": 0.0, "pz": -1.0}, "49": {"x": -7.794228553771973, "y": -4.5, "z": 0.0, "is_support": true, "px": 0.0, "py": 0.0, "pz": -1.0}, "50": {"x": -5.196152369181314, "y": -2.9999999999999996, "z": 0.0, "px": 0.0, "py": 0.0, "pz": -1.0}, "51": {"x": -2.598076184590657, "y": -1.4999999999999998, "z": 0.0, "px": 0.0, "py": 0.0, "pz": -1.0}, "52": {"x": -7.749570369720459, "y": -5.244016965230307, "z": 0.0, "is_support": true, "px": 0.0, "py": 0.0, "pz": -1.0}, "53": {"x": -5.166380246480307, "y": -3.9404557545979815, "z": 0.0, "px": 0.0, "py": 0.0, "pz": -1.0}, "54": {"x": -2.5831901232401533, "y": -2.636894543965657, "z": 0.0, "px": 0.0, "py": 0.0, "pz": -1.0}, "55": {"x": -1.4802973661668756e-16, "y": -1.3333333333333335, "z": 0.0, "px": 0.0, "py": 0.0, "pz": -1.0}, "56": {"x": -7.704912185668945, "y": -5.988033930460611, "z": 0.0, "is_support": true, "px": 0.0, "py": 0.0, "pz": -1.0}, "57": {"x": -5.136608123779296, "y": -4.880911509195961, "z": 0.0, "px": 0.0, "py": 0.0, "pz": -1.0}, "58": {"x": -2.568304061889649, "y": -3.7737890879313154, "z": 0.0, "px": 0.0, "py": 0.0, "pz": -1.0}, "59": {"x": -2.960594732333751e-16, "y": -2.666666666666667, "z": 0.0, "px": 0.0, "py": 0.0, "pz": -1.0}, "60": {"x": -7.660254001617432, "y": -6.732050895690918, "z": 0.0, "is_support": true, "px": 0.0, "py": 0.0, "pz": -1.0}, "61": {"x": -5.106836001078288, "y": -5.821367263793945, "z": 0.0, "px": 0.0, "py": 0.0, "pz": -1.0}, "62": {"x": -2.5534180005391445, "y": -4.910683631896973, "z": 0.0, "px": 0.0, "py": 0.0, "pz": -1.0}, "63": {"x": -4.440892098500626e-16, "y": -4.0, "z": 0.0, "px": 0.0, "py": 0.0, "pz": -1.0}, "64": {"x": 2.553418000539143, "y": -4.910683631896973, "z": 0.0, "px": 0.0, "py": 0.0, "pz": -1.0}, "65": {"x": 2.5683040618896484, "y": -3.7737890879313154, "z": 0.0, "px": 0.0, "py": 0.0, "pz": -1.0}, "66": {"x": 2.5831901232401537, "y": -2.6368945439656577, "z": 0.0, "px": 0.0, "py": 0.0, "pz": -1.0}, "67": {"x": 5.106836001078287, "y": -5.821367263793945, "z": 0.0, "px": 0.0, "py": 0.0, "pz": -1.0}, "68": {"x": 5.136608123779297, "y": -4.880911509195964, "z": 0.0, "px": 0.0, "py": 0.0, "pz": -1.0}, "69": {"x": 5.1663802464803075, "y": -3.940455754597983, "z": 0.0, "px": 0.0, "py": 0.0, "pz": -1.0}, "70": {"x": 7.660254001617432, "y": -6.732050895690918, "z": 0.0, "is_support": true, "px": 0.0, "py": 0.0, "pz": -1.0}, "71": {"x": 7.704912185668945, "y": -5.988033930460612, "z": 0.0, "is_support": true, "px": 0.0, "py": 0.0, "pz": -1.0}, "72": {"x": 7.749570369720459, "y": -5.244016965230307, "z": 0.0, "is_support": true, "px": 0.0, "py": 0.0, "pz": -1.0}}, "edge": {"0": {"1": {"q": -1.0}, "4": {"q": -1.0}, "16": {"q": -1.0}, "36": {"q": -1.0}, "51": {"q": -1.0}, "55": {"q": -1.0}}, "1": {"5": {"q": -1.0}, "2": {"q": -1.0}, "37": {"q": -1.0}},