{"dtype": "jax_fdm.datastructures/FDMesh", "data": {"attributes": {"name": "Mesh"}, "default_vertex_attributes": {"x": 0.0, "y": 0.0, "z": 0.0, "px": 0.0, "py": 0.0, "pz": 0.0, "rx": 0.0, "ry": 0.0, "rz": 0.0, "is_support": false}, "default_edge_attributes": {"q": 0.0, "length": 0.0, "force": 0.0, "px": 0.0, "py": 0.0, "pz": 0.0}, "default_face_attributes": {"px": 0.0, "py": 0.0, "pz": 0.0}, "vertex": {"0": {"z": 0.0, "y": -3.267949104309082, "x": -9.66025447845459}, "1": {"z": 0.0, "y": -4.5, "x": -7.794228553771973}, "2": {"z": 0.0, "y": -6.732050895690918, "x": -7.660254001617432}, "3": {"z": 0.0, "y": 2.0, "x": -3.464101552963257}, "4": {"z": 0.0, "y": 10.0, "x": -2.0}, "5": {"z": 0.0, "y": -4.0, "x": -4.440892098500626e-16}, "6": {"z": 0.0, "y": 0.0, "x": 0.0}, "7": {"z": 0.0, "y": 9.0, "x": 0.0}, "8": {"z": 0.0, "y": 10.0, "x": 2.0}, "9": {"z": 0.0, "y": 2.0, "x": 3.464101552963257}, "10": {"z": 0.0, "y": -6.732050895690918, "x": 7.660254001617432}, "11": {"z": 0.0, "y": -4.5, "x": 7.794228553771973}, "12": {"z": 0.0, "y": -3.267949104309082, "x": 9.66025447845459}}, "face": {"0": [6, 9, 8, 7], "1": [6, 11, 12, 9], "2": [3, 6, 7, 4], "3": [0, 1, 6, 3], "4": [1, 2, 5, 6], "5": [5, 10, 11, 6]}, "facedata": {"0": {}, "1": {}, "2": {}, "3": {}, "4": {}, "5": {}}, "edgedata": {}, "max_vertex": 12, "max_face": 5}, "inheritance": ["compas.datastructures/Mesh", "jax_fdm.datastructures/FDDatastructure"]}